Entity,Year,russia_production,ukraine_production,russia_exports,ukraine_exports,russia_share_global_production,ukraine_share_global_production,russia_share_global_exports,ukraine_share_global_exports
Barley,2019,20489000,8917000,4126000,4226000,47.24015494,20.55934704,9.513049894,9.743613391
Maize (corn),2019,14282000,35880000,3164000,32472000,1.243331523,3.123563579,1.601003916,16.4310364
Sunflower oil,2019,5328000,5836000,3097000,6106000,26.96356275,29.53441296,21.40882068,42.2093184
Wheat,2019,74453000,28370000,32669000,20519000,9.721400713,3.704298527,14.19027804,8.912740367
