Entity,Year,russia_production,ukraine_production,russia_exports,ukraine_exports,russia_share_global_production,ukraine_share_global_production,russia_share_global_exports,ukraine_share_global_exports
Barley,2019,20489000,8917000,4126000,4226000,12.89,5.61,9.5,9.74361339
Maize (corn),2019,14282000,35880000,3164000,32472000,1.24,3.12,1.6,16.4310364
Sunflower oil,2019,5328000,5836000,3097000,6106000,26.96,29.53,21.4,42.2093184
Wheat,2019,74453000,28370000,32669000,20519000,9.72,3.70,14.2,8.91274037
